OID_,Join_Count,TARGET_FID,id_db,id_protocol,Latitude,Longitude,SiteName,UnitCode,park,latitude_1,longitude_1,utmX,utmY,utmZone,monBeginDate,monEndDate
1,1,1,VF08,VF_008,32.35814657,-90.83871731,Vicksburg NMP,VICKS,VICK,32.35814657,-90.83871731,703367.9388,3582188.149,utm15,2012,
2,1,2,VF29,VF_029,32.36218032,-90.83868566,Vicksburg NMP,VICKS,VICK,32.36218032,-90.83868566,703361.8825,3582635.482,utm15,2012,
3,1,3,VF27,VF_027,32.36629063,-90.84065471,Vicksburg NMP,VICKS,VICK,32.36629063,-90.8406547,703167.3751,3583087.503,utm15,2012,
4,1,4,VF31,VF_031,32.37886376,-90.85689645,Vicksburg NMP,VICKS,VICK,32.37886376,-90.85689645,701610.9891,3584450.905,utm15,2012,
5,1,5,VF57,VF_057,32.35492268,-90.84532946,Vicksburg NMP,VICKS,VICK,32.35492268,-90.84532946,702752.8337,3581818.125,utm15,2012,
6,1,6,VF03,VF_003,32.35311128,-90.8491243,Vicksburg NMP,VICKS,VICK,32.35311128,-90.8491243,702399.7068,3581610.089,utm15,2012,
7,1,7,VF36,VF_036,32.33999896,-90.85817341,Vicksburg NMP,VICKS,VICK,32.33999896,-90.85817341,701577.098,3580139.087,utm15,2012,
8,1,8,VF38,VF_038,32.34086838,-90.85123104,Vicksburg NMP,VICKS,VICK,32.34086838,-90.85123104,702228.6732,3580248.586,utm15,2012,
9,1,9,VF32,VF_032,32.37366765,-90.84456919,Vicksburg NMP,VICKS,VICK,32.37366765,-90.84456919,702782.5135,3583898.058,utm15,2012,
10,1,10,VF33,VF_033,32.37616425,-90.84637175,Vicksburg NMP,VICKS,VICK,32.37616425,-90.84637175,702607.3201,3584171.47,utm15,2012,
11,1,11,VF17,VF_017,32.3708121,-90.86272014,Vicksburg NMP,VICKS,VICK,32.3708121,-90.86272014,701080.8604,3583547.153,utm15,2012,
12,1,12,VF12,VF_012,32.37171769,-90.84948223,Vicksburg NMP,VICKS,VICK,32.37171769,-90.84948223,702324.5498,3583672.535,utm15,2012,
13,1,13,VF42,VF_042,32.35812259,-90.84609215,Vicksburg NMP,VICKS,VICK,32.35812259,-90.84609215,702673.9087,3582171.494,utm15,2012,
14,1,14,VO08,VO_008,32.36933566,-90.87041525,Vicksburg NMP,VICKS,VICK,32.36933566,-90.87041525,700360,3583369,utm15,2012,
15,1,15,VM05,VM_005,32.37669317,-90.85719945,Vicksburg NMP,VICKS,VICK,32.37669317,-90.85719945,701587.3012,3584209.653,utm15,2012,
16,1,16,VM14,VM_014,32.34113229,-90.8551008,Vicksburg NMP,VICKS,VICK,32.34113229,-90.8551008,701863.8164,3580270.544,utm15,2012,
17,1,17,VM07,VM_007,32.3592075,-90.8418527,Vicksburg NMP,VICKS,VICK,32.3592075,-90.8418527,703070.4788,3582299.832,utm15,2012,
18,1,18,VM25,VM_025,32.37169566,-90.85376974,Vicksburg NMP,VICKS,VICK,32.37169566,-90.85376974,701921.1406,3583661.988,utm15,2012,
19,1,19,VM51,VM_051,32.36286451,-90.84634686,Vicksburg NMP,VICKS,VICK,32.36286451,-90.84634686,702639.3535,3582696.807,utm15,2012,
20,1,20,VM53,VM_053,32.37679229,-90.85051001,Vicksburg NMP,VICKS,VICK,32.37679229,-90.85051001,702216.5266,3584233.275,utm15,2012,
21,1,21,VM54,VM_054,32.37794349,-90.86638435,Vicksburg NMP,VICKS,VICK,32.37794349,-90.86638435,700720.2791,3584331.012,utm15,2012,
22,1,22,VE119,VE_119,32.37392255,-90.83762967,Vicksburg NMP,VICKS,VICK,32.37392255,-90.83762967,703434.9437,3583939.503,utm15,2012,
23,1,23,VM41,VM_041,32.37846042,-90.843182,Vicksburg NMP,VICKS,VICK,32.37846042,-90.843182,702902.3288,3584432.125,utm15,2012,
24,1,24,VE106,VE_106,32.37194102,-90.86990466,Vicksburg NMP,VICKS,VICK,32.37194103,-90.86990466,700402.2952,3583658.844,utm15,2012,
25,1,25,VM16,VM_016,32.37684101,-90.85470946,Vicksburg NMP,VICKS,VICK,32.37684101,-90.85470946,701821.2685,3584230.744,utm15,2012,
26,1,26,VM52,VM_052,32.34780301,-90.84840372,Vicksburg NMP,VICKS,VICK,32.34780301,-90.84840372,702479.3615,3581022.859,utm15,2012,
27,1,27,VM28,VM_028,32.3741065,-90.84702095,Vicksburg NMP,VICKS,VICK,32.37410651,-90.84702095,702550.8263,3583942.072,utm15,2012,
28,1,28,VM06,VM_006,32.37548915,-90.86527528,Vicksburg NMP,VICKS,VICK,32.37548915,-90.86527528,700830.0678,3584060.952,utm15,2012,
29,1,29,VE110,VE_110,32.37346213,-90.83525772,Vicksburg NMP,VICKS,VICK,32.37346213,-90.83525772,703659.175,3583892.964,utm15,2012,
30,1,30,VM39,VM_039,32.33835972,-90.85640624,Vicksburg NMP,VICKS,VICK,32.33835972,-90.85640624,701747.0878,3579960.654,utm15,2012,
31,1,31,VM29,VM_029,32.34747324,-90.85505088,Vicksburg NMP,VICKS,VICK,32.34747324,-90.85505088,701854.4262,3580973.735,utm15,2012,
32,1,32,VM26,VM_026,32.37698568,-90.86262711,Vicksburg NMP,VICKS,VICK,32.37698568,-90.86262711,701075.9357,3584231.868,utm15,2012,
33,1,33,BP 01,BP_01,29.7994003,-90.1232986,Jean Lafitte Barataria Unit,JELA_BA,JELA,29.79939126,-90.12330046,778066.8964,3300027.564,utm15,20140604,
34,1,34,BP 02,BP_02,29.7889996,-90.1130981,Jean Lafitte Barataria Unit,JELA_BA,JELA,29.78898458,-90.11310967,779081.2921,3298898.363,utm15,20140527,
35,1,35,BP 03,BP_03,29.7952995,-90.1010971,Jean Lafitte Barataria Unit,JELA_BA,JELA,29.79531956,-90.10114373,780220.8931,3299629.82,utm15,20140604,
36,1,36,BP 04,BP_04,29.7929993,-90.1243973,Jean Lafitte Barataria Unit,JELA_BA,JELA,29.79298661,-90.1244302,777975.3718,3299314.715,utm15,20140604,
37,1,37,BP 05,BP_05,29.8057995,-90.1213989,Jean Lafitte Barataria Unit,JELA_BA,JELA,29.805836,-90.121435,778229.4339,3300746.638,utm15,20140602,
38,1,38,BP 06,BP_06,29.7842007,-90.1083984,Jean Lafitte Barataria Unit,JELA_BA,JELA,29.78423411,-90.108378,779552.1273,3298383.121,utm15,20140527,
39,1,39,BP 07,BP_07,29.7931004,-90.1039963,Jean Lafitte Barataria Unit,JELA_BA,JELA,29.79306487,-90.10395768,779955.0454,3299372.983,utm15,20140527,
40,1,40,BP 08,BP_08,29.7877007,-90.1020966,Jean Lafitte Barataria Unit,JELA_BA,JELA,29.7876817,-90.1021455,780145.3135,3298780.521,utm15,20140527,
41,1,41,BP 11,BP_11,29.7924995,-90.1115036,Jean Lafitte Barataria Unit,JELA_BA,JELA,29.79246286,-90.11154997,779222.469,3299287.802,utm15,20140527,
42,1,42,BP 13,BP_13,29.7933998,-90.1327972,Jean Lafitte Barataria Unit,JELA_BA,JELA,29.79342281,-90.13278029,777166.638,3299342.954,utm15,20140604,
43,1,43,BP 14,BP_14,29.7912006,-90.1289978,Jean Lafitte Barataria Unit,JELA_BA,JELA,29.79122728,-90.1289921,777539.0546,3299108.646,utm15,20140604,
44,1,44,BP 16,BP_16,29.8031998,-90.1131973,Jean Lafitte Barataria Unit,JELA_BA,JELA,29.80317215,-90.11322118,779031.0903,3300471.159,utm15,20140602,
45,1,45,BP 17,BP_17,29.7896004,-90.1203003,Jean Lafitte Barataria Unit,JELA_BA,JELA,29.78955214,-90.1203214,778382.248,3298943.839,utm15,20140604,
46,1,46,BP 19,BP_19,29.7817001,-90.110199,Jean Lafitte Barataria Unit,JELA_BA,JELA,29.78165441,-90.11018225,779384.795,3298092.716,utm15,20140527,
47,1,47,BP 20,BP_20,29.7642002,-90.1036987,Jean Lafitte Barataria Unit,JELA_BA,JELA,29.76417341,-90.10369418,780061.0215,3296170.236,utm15,20140527,
48,1,48,BP 23,BP_23,29.8008003,-90.1155014,Jean Lafitte Barataria Unit,JELA_BA,JELA,29.80079664,-90.11545462,778821.7131,3300202.36,utm15,20150602,
49,1,49,BP 24,BP_24,29.7926998,-90.1160965,Jean Lafitte Barataria Unit,JELA_BA,JELA,29.79272163,-90.11606689,778784.9182,3299305.551,utm15,20150604,
50,1,50,BP 25,BP_25,29.7633991,-90.1092987,Jean Lafitte Barataria Unit,JELA_BA,JELA,29.76344623,-90.10929454,779521.2753,3296076.015,utm15,20150528,
51,1,51,BP 26,BP_26,29.7882996,-90.1082001,Jean Lafitte Barataria Unit,JELA_BA,JELA,29.7882838,-90.10824244,779553.9705,3298832.466,utm15,20150604,
52,1,52,BP 27,BP_27,29.7957993,-90.1343002,Jean Lafitte Barataria Unit,JELA_BA,JELA,29.79576049,-90.13427028,777016.0967,3299598.56,utm15,20150602,
53,1,53,BP 28,BP_28,29.8076992,-90.1259003,Jean Lafitte Barataria Unit,JELA_BA,JELA,29.80771,-90.125875,777794.9141,3300943.697,utm15,20150602,
54,1,54,BP 30,BP_30,29.7490997,-90.1427994,Jean Lafitte Barataria Unit,JELA_BA,JELA,29.74913544,-90.14277237,776322.0101,3294408.603,utm15,20150528,
55,1,55,BP 31,BP_31,29.7852993,-90.1057968,Jean Lafitte Barataria Unit,JELA_BA,JELA,29.78533293,-90.10579732,779798.667,3298511.22,utm15,20150604,
56,1,56,BP 32,BP_32,29.7840996,-90.1120987,Jean Lafitte Barataria Unit,JELA_BA,JELA,29.78413855,-90.11211907,779190.5621,3298363.453,utm15,20150603,
57,1,57,BP 33,BP_33,29.8057003,-90.1139984,Jean Lafitte Barataria Unit,JELA_BA,JELA,29.80574243,-90.11400956,778947.7131,3300754.232,utm15,20150602,
58,1,58,BP 36,BP_36,29.7814007,-90.1044998,Jean Lafitte Barataria Unit,JELA_BA,JELA,29.78144405,-90.10451927,779933.1099,3298083.139,utm15,20150604,
59,1,59,BP 39,BP_39,29.7861996,-90.1183014,Jean Lafitte Barataria Unit,JELA_BA,JELA,29.7862086,-90.11831002,778586.0456,3298577.984,utm15,20150604,
60,1,60,BP 40,BP_40,29.8017006,-90.1091003,Jean Lafitte Barataria Unit,JELA_BA,JELA,29.80172793,-90.10909572,779434.0416,3300321.035,utm15,20150602,
61,1,61,GUISFL12,FL_12,30.3654003,-87.1509018,Gulf Islands Florida Unit,GUIS_FL,GUIS,30.36541046,-87.15093642,485496.1522,3359286.577,utm16,20130615,
62,1,62,GUISFL16,FL_16,30.3707008,-87.1264038,Gulf Islands Florida Unit,GUIS_FL,GUIS,30.37072362,-87.12643442,487851.2679,3359872.471,utm16,20130616,
63,1,63,GUISFL17,FL_17,30.3637009,-87.1486969,Gulf Islands Florida Unit,GUIS_FL,GUIS,30.36369785,-87.14873266,485707.6673,3359096.515,utm16,20120211,
64,1,64,GUISFL21,FL_21,30.3773994,-87.1353989,Gulf Islands Florida Unit,GUIS_FL,GUIS,30.37738304,-87.13544467,486986.3787,3360611.432,utm16,20130615,
65,1,65,GUISFL22,FL_22,30.3691998,-87.1328964,Gulf Islands Florida Unit,GUIS_FL,GUIS,30.3691902,-87.13288505,487231.2447,3359703.254,utm16,20120211,
66,1,66,GUISFL23,FL_23,30.3666992,-87.1222,Gulf Islands Florida Unit,GUIS_FL,GUIS,30.36673462,-87.12216197,488261.3188,3359429.982,utm16,20130616,
67,1,67,GUISFL24,FL_24,30.3637009,-87.1435013,Gulf Islands Florida Unit,GUIS_FL,GUIS,30.36372255,-87.14354911,486205.7802,3359098.609,utm16,20130615,
68,1,68,GUISFL26,FL_26,30.3785,-87.1314011,Gulf Islands Florida Unit,GUIS_FL,GUIS,30.37845543,-87.13136139,487378.8412,3360729.806,utm16,20120211,
69,1,69,GUISFL27,FL_27,30.3696003,-87.1389999,Gulf Islands Florida Unit,GUIS_FL,GUIS,30.36958638,-87.13899784,486643.9278,3359747.862,utm16,20130615,
70,1,70,GUISFL28,FL_28,30.3658009,-87.1402969,Gulf Islands Florida Unit,GUIS_FL,GUIS,30.36577891,-87.14027587,486520.6019,3359326.09,utm16,20120211,
71,1,71,GUISFL29,FL_29,30.3715992,-87.1191025,Gulf Islands Florida Unit,GUIS_FL,GUIS,30.37157095,-87.11914097,488552.1737,3359965.608,utm16,20120211,
72,1,72,GUISFL31,FL_31,30.3677006,-87.1353989,Gulf Islands Florida Unit,GUIS_FL,GUIS,30.36767275,-87.13536855,486992.4075,3359535.382,utm16,20120211,
73,1,73,GUISFL46,FL_46,30.368,-87.129303,Gulf Islands Florida Unit,GUIS_FL,GUIS,30.36804083,-87.12927565,487577.9219,3359575.486,utm16,20130616,2018
74,1,74,GUISFL47,FL_47,30.3775997,-87.1280975,Gulf Islands Florida Unit,GUIS_FL,GUIS,30.3775674,-87.12811998,487690.1636,3360631.043,utm16,20120211,
75,1,75,GUISMS26,MS_26,30.3901005,-88.7890015,Gulf Islands Mississippi Unit,GUIS_MS,GUIS,30.39010561,-88.78904216,328116.1541,3363371.324,utm16,20120208,
76,0,76,GUISMS27,,30.3967991,-88.7879028,Gulf Islands Mississippi Unit,GUIS_MS,,,,,,,,
77,1,77,GUISMS28,MS_28,30.4008999,-88.7931976,Gulf Islands Mississippi Unit,GUIS_MS,GUIS,30.40082201,-88.79324357,327731.2508,3364565.531,utm16,20120208,
78,1,78,GUISMS32,MS_32,30.3969002,-88.7820969,Gulf Islands Mississippi Unit,GUIS_MS,GUIS,30.39690992,-88.78213579,328791.6678,3364115.054,utm16,20130609,
79,1,79,GUISMS34,MS_34,30.3974991,-88.7774963,Gulf Islands Mississippi Unit,GUIS_MS,GUIS,30.39751258,-88.77744985,329242.9616,3364174.775,utm16,20130608,
80,1,80,GUISMS36,MS_36,30.3985004,-88.7854996,Gulf Islands Mississippi Unit,GUIS_MS,GUIS,30.39846157,-88.78546746,328474.2587,3364292.085,utm16,20130609,
81,1,81,GUISMS39,MS_39,30.3959999,-88.7794037,Gulf Islands Mississippi Unit,GUIS_MS,GUIS,30.39598477,-88.77934694,329058.0203,3364008.294,utm16,20130608,
82,1,82,GUISMS40,MS_40,30.3920002,-88.7873993,Gulf Islands Mississippi Unit,GUIS_MS,GUIS,30.39196315,-88.78741049,328276.1931,3363574.74,utm16,20120213,
83,1,83,PAAL04,Ba_04,26.0380001,-97.4722977,Palo Alto Battlefield NHP,PAAL,PAAL,26.03796702,-97.47225541,652855.1459,2880783.157,utm14,20110613,
84,1,84,PAAL05,Ba_05,26.0259991,-97.464798,Palo Alto Battlefield NHP,PAAL,PAAL,26.02599838,-97.46482873,653613.9095,2879466.128,utm14,20110610,
85,1,85,PAAL06,Ba_06,26.0263996,-97.4713974,Palo Alto Battlefield NHP,PAAL,PAAL,26.02637204,-97.47143894,652951.8896,2879499.755,utm14,20110609,
86,1,86,PAAL08,Ba_08,26.0104008,-97.4750977,Palo Alto Battlefield NHP,PAAL,PAAL,26.01042691,-97.47512263,652603.8612,2877729.23,utm14,20110609,
87,1,87,PAAL09,Ba_09,26.0144997,-97.4758987,Palo Alto Battlefield NHP,PAAL,PAAL,26.01451149,-97.4759425,652516.5199,2878180.714,utm14,20110609,
88,1,88,PAAL10,Ba_10,26.0132999,-97.4707031,Palo Alto Battlefield NHP,PAAL,PAAL,26.01332526,-97.47070613,653042.1533,2878055.442,utm14,20110609,
89,1,89,PAAL12,Ba_12,26.0349998,-97.4740982,Palo Alto Battlefield NHP,PAAL,PAAL,26.0349794,-97.47414563,652669.8665,2880450.011,utm14,20110603,
90,1,90,PAAL15,Ba_15,26.0076008,-97.466301,Palo Alto Battlefield NHP,PAAL,PAAL,26.00760567,-97.46626603,653493.995,2877427.104,utm14,20110606,
91,1,91,PAAL16,Ba_16,26.0335999,-97.4641037,Palo Alto Battlefield NHP,PAAL,PAAL,26.03358789,-97.46408175,653678.7741,2880307.688,utm14,20110602,
92,1,92,PAAL21,Ba_21,26.0049992,-97.4686966,Palo Alto Battlefield NHP,PAAL,PAAL,26.00496278,-97.4687134,653252.4613,2877131.481,utm14,20110606,
93,1,93,PAAL22,Ba_22,26.0312996,-97.4731979,Palo Alto Battlefield NHP,PAAL,PAAL,26.03129205,-97.47320487,652768.7862,2880042.669,utm14,20110602,
94,1,94,PAAL26,Ba_26,26.0277004,-97.4748993,Palo Alto Battlefield NHP,PAAL,PAAL,26.02773821,-97.47494708,652599.0372,2879646.977,utm14,20110602,
95,1,95,PAAL31,Ba_31,26.0172005,-97.4719009,Palo Alto Battlefield NHP,PAAL,PAAL,26.01723726,-97.47185975,652921.6193,2878487.417,utm14,20110607,
96,1,96,PAAL33,Ba_33,26.0228004,-97.4800034,Palo Alto Battlefield NHP,PAAL,PAAL,26.02280784,-97.47997216,652102.5052,2879094.984,utm14,20110608,
97,1,97,PAAL34,Ba_34,26.0226002,-97.4709015,Palo Alto Battlefield NHP,PAAL,PAAL,26.02256234,-97.47092388,653008.3788,2879078.364,utm14,20110613,
98,1,98,PAAL36,Ba_36,26.0349007,-97.4689026,Palo Alto Battlefield NHP,PAAL,PAAL,26.03489017,-97.46892611,653192.2999,2880446.243,utm14,20110613,
99,1,99,PAAL38,Ba_38,26.0112991,-97.4682007,Palo Alto Battlefield NHP,PAAL,PAAL,26.01131971,-97.46817483,653298.1125,2877836.26,utm14,20110610,
100,1,100,PAAL39,Ba_39,26.0200996,-97.4662018,Palo Alto Battlefield NHP,PAAL,PAAL,26.02005218,-97.4662206,653482.3517,2878805.838,utm14,20110613,
101,1,101,PAAL40,Ba_40,26.0167007,-97.4779968,Palo Alto Battlefield NHP,PAAL,PAAL,26.01668779,-97.47796068,652311.7168,2878419.422,utm14,20110609,
102,1,102,PAAL41,Ba_41,26.0279999,-97.4655991,Palo Alto Battlefield NHP,PAAL,PAAL,26.02799887,-97.4656133,653532.7876,2879686.796,utm14,20110610,
103,1,103,PAAL43,Ba_43,26.0266991,-97.4688034,Palo Alto Battlefield NHP,PAAL,PAAL,26.02668659,-97.46882902,653212.6752,2879537.658,utm14,20110608,
104,1,104,PAAL45,Ba_45,26.0098991,-97.4723969,Palo Alto Battlefield NHP,PAAL,PAAL,26.00993225,-97.47235123,652881.8935,2877677.678,utm14,20110609,
105,1,105,PAAL48,Ba_48,26.0195007,-97.4738007,Palo Alto Battlefield NHP,PAAL,PAAL,26.01948684,-97.47380534,652723.9818,2878734.322,utm14,20110609,
106,1,106,PAAL49,Ba_49,26.0373001,-97.4764023,Palo Alto Battlefield NHP,PAAL,PAAL,26.03729753,-97.47636212,652445.0647,2880704.195,utm14,20110613,
107,1,107,PAAL51,Ba_51,26.0170994,-97.4682999,Palo Alto Battlefield NHP,PAAL,PAAL,26.01712236,-97.46831617,653276.4284,2878478.845,utm14,20110607,
108,1,108,PAAL54,Ba_54,26.0063992,-97.4707031,Palo Alto Battlefield NHP,PAAL,PAAL,26.00640177,-97.47073321,653048.4218,2877288.508,utm14,20110606,
109,1,109,PAAL55,Ba_55,26.0226994,-97.475502,Palo Alto Battlefield NHP,PAAL,PAAL,26.02270487,-97.47552868,652547.3433,2879088.763,utm14,20110609,
110,1,110,PAAL57,Ba_57,26.0303001,-97.4770966,Palo Alto Battlefield NHP,PAAL,PAAL,26.03025155,-97.47709322,652381.0115,2879922.869,utm14,20110613,
111,1,111,PAAL58,Ba_58,26.031601,-97.4661026,Palo Alto Battlefield NHP,PAAL,PAAL,26.0315683,-97.46613314,653476.1177,2880081.566,utm14,20110613,
112,0,112,SAAN01,,29.0960007,-98.1660004,San Antonio Missions,SAAN,,,,,,,,
113,1,113,SAAN02,Ra_02,29.0981998,-98.1629028,San Antonio Missions,SAAN,SAAN,29.09821808,-98.1628687,581460.8716,3219156.832,utm14,20100531,
114,1,114,SAAN03,Ra_03,29.0988998,-98.1651993,San Antonio Missions,SAAN,SAAN,29.09891009,-98.16516467,581236.9001,3219231.921,utm14,20100531,
115,0,115,SAAN04,,29.0977001,-98.1673965,San Antonio Missions,SAAN,,,,,,,,
116,0,116,SAAN05,,29.0995998,-98.1605988,San Antonio Missions,SAAN,,,,,,,,
117,1,117,SAAN06,Ra_06,29.0939999,-98.1668015,San Antonio Missions,SAAN,SAAN,29.0940392,-98.16683837,581077.8446,3218691.077,utm14,20100531,
118,1,118,SAAN07,Mi_07,29.3374996,-98.4560013,San Antonio Missions,SAAN,SAAN,29.33745338,-98.45602929,552810.1231,3245496.329,utm14,20100525,
119,1,119,SAAN08,Mi_08,29.3323002,-98.4496002,San Antonio Missions,SAAN,SAAN,29.33227944,-98.4496246,553434.6152,3244925.968,utm14,20100604,
120,1,120,SAAN09,Mi_09,29.3292999,-98.4552002,San Antonio Missions,SAAN,SAAN,29.32928477,-98.45513651,552901.0146,3244591.654,utm14,20100527,
121,1,121,SAAN11,Mi_11,29.3304996,-98.4522018,San Antonio Missions,SAAN,SAAN,29.33051751,-98.45220863,553184.6482,3244729.569,utm14,20100527,
122,1,122,SAAN12,Mi_12,29.3253002,-98.4567032,San Antonio Missions,SAAN,SAAN,29.32522095,-98.45662705,552758.3865,3244140.712,utm14,20100529,
123,0,123,SAAN13,,29.3227005,-98.4555969,San Antonio Missions,SAAN,,,,,,,,
124,1,124,SAAN14,Mi_14,29.3267994,-98.4586029,San Antonio Missions,SAAN,SAAN,29.32671103,-98.45860937,552565.1475,3244304.92,utm14,20100529,
125,1,125,SAAN15,Mi_15,29.3476009,-98.4680023,San Antonio Missions,SAAN,SAAN,29.34762376,-98.46796451,551646.2751,3246617.872,utm14,20100525,
126,1,126,SAAN16,Mi_16,29.3337002,-98.4529037,San Antonio Missions,SAAN,SAAN,29.33365962,-98.45291032,553114.8919,3245077.395,utm14,20100529,
127,1,127,SAAN17,Mi_17,29.3313999,-98.4476013,San Antonio Missions,SAAN,SAAN,29.33138043,-98.44758621,553632.9913,3244827.291,utm14,20100610,
128,1,128,SAAN19,Mi_19,29.3428993,-98.4582977,San Antonio Missions,SAAN,SAAN,29.34287301,-98.45831939,552585.0087,3246095.791,utm14,20100525,
129,1,129,SAAN21,Mi_21,29.3188,-98.4489975,San Antonio Missions,SAAN,SAAN,29.31877047,-98.44893642,553508.4811,3243429.495,utm14,20100610,
130,1,130,SAAN22,Mi_22,29.3402004,-98.4573975,San Antonio Missions,SAAN,SAAN,29.34014797,-98.45740744,552674.9411,3245794.267,utm14,20100610,
131,1,131,SAAN23,Mi_23,29.3171997,-98.4468994,San Antonio Missions,SAAN,SAAN,29.31718657,-98.44680622,553716.1569,3243254.976,utm14,20100610,
132,1,132,SAAN25,Mi_25,29.3278999,-98.4615021,San Antonio Missions,SAAN,SAAN,29.32793641,-98.4614825,552285.5581,3244439.404,utm14,20100529,
133,1,133,SAAN26,Mi_26,29.3384991,-98.4625015,San Antonio Missions,SAAN,SAAN,29.33839495,-98.46252869,552178.6543,3245597.737,utm14,20100604,
134,1,134,SAAN27,Mi_27,29.3320999,-98.4564972,San Antonio Missions,SAAN,SAAN,29.33205487,-98.4565099,552766.2433,3244897.96,utm14,20100527,
135,0,135,SAAN28,,29.3290997,-98.447998,San Antonio Missions,SAAN,,,,,,,,
136,0,136,SAAN30,,29.3899994,-98.4933014,San Antonio Missions,SAAN,,,,,,,,
137,1,137,SAAN31,Mi_31,29.3174,-98.4509964,San Antonio Missions,SAAN,SAAN,29.31740285,-98.45097938,553310.8166,3243277.032,utm14,20110514,
138,1,138,SAAN32,Mi_32,29.3202,-98.4511032,San Antonio Missions,SAAN,SAAN,29.32018674,-98.45108379,553299.2309,3243585.437,utm14,20110514,
139,1,139,SAAN34,Mi_34,29.3286991,-98.4593964,San Antonio Missions,SAAN,SAAN,29.32865174,-98.45940928,552486.4871,3244519.591,utm14,20110522,
140,1,140,SAAN35,Mi_35,29.3362007,-98.4589996,San Antonio Missions,SAAN,SAAN,29.33620559,-98.45900252,552522.1092,3245356.736,utm14,20110528,
141,1,141,SAAN37,Mi_37,29.3279991,-98.4506989,San Antonio Missions,SAAN,SAAN,29.32801419,-98.45074008,553328.5334,3244452.871,utm14,20110528,
142,1,142,SAAN38,Mi_38,29.3605003,-98.479599,San Antonio Missions,SAAN,SAAN,29.36048236,-98.47960765,550509.6805,3248037.514,utm14,20110528,
143,1,143,SAAN39,Mi_39,29.3635006,-98.4801025,San Antonio Missions,SAAN,SAAN,29.36349624,-98.48012029,550458.4363,3248371.229,utm14,20110528,
144,0,144,SAAN40,,29.3918991,-98.4916,San Antonio Missions,SAAN,,,,,,,,
145,1,145,TC01,TC_01,30.5795002,-94.3422012,Big Thicket Turkey Creek Unit,BITH_TC,BITH,30.57947362,-94.34220682,371300.2393,3383765.544,utm15,20140604,
146,1,146,TC02,TC_02,30.4766998,-94.3532028,Big Thicket Turkey Creek Unit,BITH_TC,BITH,30.47668551,-94.35315808,370113.3717,3372385.89,utm15,20150607,
147,1,147,TC03,TC_03,30.4687996,-94.3594971,Big Thicket Turkey Creek Unit,BITH_TC,BITH,30.46879444,-94.35950576,369493.4898,3371518.628,utm15,20150609,
148,1,148,TC04,TC_04,30.5573997,-94.344902,Big Thicket Turkey Creek Unit,BITH_TC,BITH,30.55740085,-94.34490359,371012.4221,3381322.248,utm15,20140606,
149,1,149,TC05,TC_05,30.5326996,-94.3392029,Big Thicket Turkey Creek Unit,BITH_TC,BITH,30.53269234,-94.33915032,371531.724,3378577.18,utm15,20150519,
150,1,150,TC06,TC_06,30.5618,-94.3472977,Big Thicket Turkey Creek Unit,BITH_TC,BITH,30.56182458,-94.34730816,370787.6458,3381815.296,utm15,20140606,
151,1,151,TC07,TC_07,30.5221996,-94.3467026,Big Thicket Turkey Creek Unit,BITH_TC,BITH,30.52215729,-94.34671589,370791.9298,3377418.204,utm15,20140516,
152,1,152,TC08,TC_08,30.5970001,-94.3472977,Big Thicket Turkey Creek Unit,BITH_TC,BITH,30.59696944,-94.3472546,370839.3877,3385710.438,utm15,20140515,
153,1,153,TC09,TC_09,30.5506992,-94.3414001,Big Thicket Turkey Creek Unit,BITH_TC,BITH,30.55067164,-94.34140376,371339.2374,3380572.433,utm15,20140602,
154,1,154,TC10,TC_10,30.6009998,-94.3560028,Big Thicket Turkey Creek Unit,BITH_TC,BITH,30.60104231,-94.35599353,370006.9538,3386171.911,utm15,20150606,
155,1,155,TC11,TC_11,30.4762993,-94.3373032,Big Thicket Turkey Creek Unit,BITH_TC,BITH,30.47633363,-94.33725305,371639.735,3372328.706,utm15,20150610,
156,1,156,TC12,TC_12,30.5485992,-94.344101,Big Thicket Turkey Creek Unit,BITH_TC,BITH,30.54856344,-94.34412428,371075.4887,3380341.885,utm15,20150518,
157,1,157,TC13,TC_13,30.5881996,-94.3544998,Big Thicket Turkey Creek Unit,BITH_TC,BITH,30.58820923,-94.35448709,370134.2666,3384747.84,utm15,20150509,
158,1,158,TC14,TC_14,30.5312996,-94.3431015,Big Thicket Turkey Creek Unit,BITH_TC,BITH,30.53124402,-94.34313854,371147.1772,3378421.21,utm15,20140516,
159,1,159,TC17,TC_17,30.5611992,-94.3336029,Big Thicket Turkey Creek Unit,BITH_TC,BITH,30.56122697,-94.33359207,372102.4071,3381733.41,utm15,20150509,
160,0,160,TC18,,30.5846996,-94.3358994,Big Thicket Turkey Creek Unit,BITH_TC,,,,,,,,
161,1,161,TC19,TC_19,30.4715004,-94.3476028,Big Thicket Turkey Creek Unit,BITH_TC,BITH,30.47147,-94.34756,370643.8714,3371801.424,utm15,20140613,
162,1,162,TC20,TC_20,30.5855007,-94.3554001,Big Thicket Turkey Creek Unit,BITH_TC,BITH,30.58547916,-94.35541521,370041.6291,3384446.329,utm15,20150509,
163,1,163,TC21,TC_21,30.5622005,-94.3393021,Big Thicket Turkey Creek Unit,BITH_TC,BITH,30.56220091,-94.33933441,371552.9246,3381847.887,utm15,20140603,
164,1,164,TC22,TC_22,30.5352993,-94.3376999,Big Thicket Turkey Creek Unit,BITH_TC,BITH,30.53527885,-94.33773401,371671.0071,3378862.234,utm15,20150519,
165,0,165,TC25,,30.5459003,-94.3567963,Big Thicket Turkey Creek Unit,BITH_TC,,,,,,,,
166,1,166,TC27,TC_27,30.6119003,-94.3498001,Big Thicket Turkey Creek Unit,BITH_TC,BITH,30.61185976,-94.3498299,370612.2704,3387363.74,utm15,20140515,
167,1,167,TC29,TC_29,30.5646992,-94.3331985,Big Thicket Turkey Creek Unit,BITH_TC,BITH,30.56469654,-94.33317297,372147.1553,3382117.474,utm15,20140528,
168,1,168,TC31,TC_31,30.5245991,-94.3368988,Big Thicket Turkey Creek Unit,BITH_TC,BITH,30.52463481,-94.33692098,371735.0223,3377681.611,utm15,20150605,
169,1,169,TC33,TC_33,30.5410004,-94.3491974,Big Thicket Turkey Creek Unit,BITH_TC,BITH,30.54097205,-94.34915861,370582.4963,3379506.284,utm15,20150521,
170,1,170,TC34,TC_34,30.5534992,-94.3539963,Big Thicket Turkey Creek Unit,BITH_TC,BITH,30.55345042,-94.35400867,370133.8285,3380894.87,utm15,20140606,
171,1,171,TC35,TC_35,30.5293999,-94.3343964,Big Thicket Turkey Creek Unit,BITH_TC,BITH,30.52937877,-94.33434923,371987.9999,3378204.47,utm15,20140528,
172,1,172,TC36,TC_36,30.5645008,-94.3463974,Big Thicket Turkey Creek Unit,BITH_TC,BITH,30.56445171,-94.34637507,370880.6206,3382105.397,utm15,20140606,
173,1,173,TC37,TC_37,30.4743004,-94.3450012,Big Thicket Turkey Creek Unit,BITH_TC,BITH,30.47425647,-94.34497554,370895.6608,3372107.294,utm15,20140530,
174,1,174,TC38,TC_38,30.5130005,-94.339798,Big Thicket Turkey Creek Unit,BITH_TC,BITH,30.51295033,-94.3398265,371440.8593,3376389.908,utm15,20150608,
175,1,175,TC39,TC_39,30.4659996,-94.3345032,Big Thicket Turkey Creek Unit,BITH_TC,BITH,30.46602036,-94.33452539,371888.0773,3371182.581,utm15,20140530,
176,1,176,TC40,TC_40,30.4976997,-94.3347015,Big Thicket Turkey Creek Unit,BITH_TC,BITH,30.49765945,-94.33469058,371913.6619,3374689.359,utm15,20150610,
177,0,177,UKN,,0,0,Big Thicket Turkey Creek Unit,BITH_TC,,,,,,,,
178,1,178,BP 41,BP_41,29.84968,-90.13183,Jean Lafitte Barataria Unit,JELA_BA,JELA,29.84967858,-90.131833,777102.8421,3305582.637,utm15,201806,
179,1,179,BP 42,BP_42,29.84177,-90.12486,Jean Lafitte Barataria Unit,JELA_BA,JELA,29.84177065,-90.12485527,777799.1854,3304722.672,utm15,201806,
180,1,180,BP 43,BP_43,29.8419,-90.128,Jean Lafitte Barataria Unit,JELA_BA,JELA,29.84190078,-90.12799977,777494.8714,3304729.508,utm15,201806,
181,1,181,BP 44,BP_44,29.77963,-90.09815,Jean Lafitte Barataria Unit,JELA_BA,JELA,29.77962993,-90.09815439,780553.7942,3297897.478,utm15,201806,
