OID_,zone,ZONE_CODE,COUNT,AREA,MEAN,STD
1,Ra_01_200,1,13924,125316,0.48556572,0.257573277
2,Ra_02_200,2,13917,125253,0.318776203,0.289213668
3,Ra_03_200,3,13920,125280,0.449805756,0.278607957
4,Ra_04_200,4,13924,125316,0.29221379,0.310829815
5,Ra_05_200,5,13925,125325,0.366125176,0.279901845
6,Ra_06_200,6,13923,125307,0.281820639,0.2917537
7,Ra_01_100,7,3485,31365,0.507979905,0.251101527
8,Ra_02_100,8,3484,31356,0.284781074,0.270295849
9,Ra_03_100,9,3485,31365,0.517297609,0.249507406
10,Ra_04_100,10,3471,31239,0.396561085,0.273607869
11,Ra_05_100,11,3476,31284,0.29676828,0.261932036
12,Ra_06_100,12,3481,31329,0.397476449,0.246127352
13,Ra_01_50,13,872,7848,0.491694161,0.240584861
14,Ra_02_50,14,870,7830,0.291164825,0.297617447
15,Ra_03_50,15,873,7857,0.604287542,0.160823777
16,Ra_04_50,16,873,7857,0.496837826,0.17986776
17,Ra_05_50,17,872,7848,0.253384544,0.22198325
18,Ra_06_50,18,870,7830,0.505808707,0.180642014
19,Ba_48_200,1,13930,125370,0.00233298,0.022730311
20,Ba_34_200,2,13925,125325,0.000255368,0.005540374
21,Ba_43_200,3,13931,125379,0.000234393,0.006227382
22,Ba_36_200,4,13929,125361,0.31735115,0.264448425
23,Ba_58_200,5,13925,125325,0.119141382,0.215646638
24,Ba_16_200,6,13922,125298,0.482926172,0.279007251
25,Ba_41_200,7,13937,125433,0.01078666,0.045159376
26,Ba_05_200,8,13927,125343,0.009042262,0.051246509
27,Ba_39_200,9,13930,125370,0.005332276,0.039594693
28,Ba_51_200,10,13930,125370,0.000242987,0.005647639
29,Ba_31_200,11,13924,125316,0.001295141,0.015239542
30,Ba_09_200,12,13915,125235,0.070928704,0.171830438
31,Ba_40_200,13,13933,125397,0.151737681,0.289667846
32,Ba_10_200,14,13930,125370,0.001112212,0.013195401
33,Ba_38_200,15,13920,125280,0.001925074,0.01751764
34,Ba_15_200,16,13923,125307,0.011520812,0.061314601
35,Ba_21_200,17,12480,112320,0.007795543,0.058865939
36,Ba_54_200,18,13931,125379,0.006890289,0.052586686
37,Ba_45_200,19,13926,125334,0.018033107,0.0845371
38,Ba_08_200,20,13931,125379,0.014326962,0.073188636
39,Ba_06_200,21,13927,125343,0.025225055,0.112638653
40,Ba_26_200,22,13934,125406,0.499848321,0.201424608
41,Ba_22_200,23,13930,125370,0.326256121,0.261381542
42,Ba_12_200,24,13932,125388,0.427444006,0.23925416
43,Ba_04_200,25,13925,125325,0.20975835,0.278100014
44,Ba_55_200,26,13932,125388,0.143833253,0.244252562
45,Ba_33_200,27,13935,125415,0.246156709,0.284553883
46,Ba_49_200,28,13930,125370,0.445512312,0.271631911
47,Ba_57_200,29,13923,125307,0.3332029,0.262132491
48,Ba_48_100,30,3490,31410,0.001030633,0.012156821
49,Ba_34_100,31,3475,31275,0.000129394,0.004772278
50,Ba_43_100,32,3482,31338,0.000419772,0.008400863
51,Ba_36_100,33,3480,31320,0.385210597,0.241153016
52,Ba_58_100,34,3484,31356,0.06003233,0.154747365
53,Ba_16_100,35,3485,31365,0.479750178,0.301768571
54,Ba_41_100,36,3474,31266,0.024329127,0.063374596
55,Ba_05_100,37,3482,31338,0.003107468,0.030914618
56,Ba_39_100,38,3480,31320,0.008478456,0.038244391
57,Ba_51_100,39,3485,31365,0.000330576,0.006769663
58,Ba_31_100,40,3483,31347,0.000593321,0.00900641
59,Ba_09_100,41,3480,31320,0.184908111,0.251482537
60,Ba_40_100,42,3480,31320,0.108007037,0.240953687
61,Ba_10_100,43,3481,31329,0.000333289,0.006965039
62,Ba_38_100,44,3475,31275,0.00331659,0.022279376
63,Ba_15_100,45,3483,31347,0.008979049,0.053793321
64,Ba_21_100,46,3482,31338,0.007618174,0.060313548
65,Ba_54_100,47,3491,31419,0.005561736,0.048863646
66,Ba_45_100,48,3482,31338,0.003838298,0.030100671
67,Ba_08_100,49,3491,31419,0.000676339,0.01279414
68,Ba_06_100,50,3489,31401,2.37271E-05,0.000809826
69,Ba_26_100,51,3482,31338,0.462411988,0.211279246
70,Ba_22_100,52,3490,31410,0.264053955,0.257471238
71,Ba_12_100,53,3485,31365,0.37358464,0.257707833
72,Ba_04_100,54,3483,31347,0.192268571,0.265769624
73,Ba_55_100,55,3486,31374,0.190824343,0.27570069
74,Ba_33_100,56,3486,31374,0.175003381,0.242498395
75,Ba_49_100,57,3483,31347,0.320099253,0.271000261
76,Ba_57_100,58,3482,31338,0.353609549,0.265601459
77,Ba_48_50,59,874,7866,0.000852115,0.012374203
78,Ba_34_50,60,871,7839,0.000129313,0.00270126
79,Ba_43_50,61,869,7821,0.000286112,0.004820999
80,Ba_36_50,62,869,7821,0.432587114,0.214567434
81,Ba_58_50,63,870,7830,0.03659818,0.11958408
82,Ba_16_50,64,871,7839,0.38656128,0.292398335
83,Ba_41_50,65,874,7866,0.039198382,0.077415389
84,Ba_05_50,66,872,7848,0.002332212,0.028742538
85,Ba_39_50,67,868,7812,0.01726182,0.053866119
86,Ba_51_50,68,871,7839,0.000555768,0.007979286
87,Ba_31_50,69,869,7821,0.000179804,0.004367137
88,Ba_09_50,70,873,7857,0.30696714,0.259480056
89,Ba_40_50,71,872,7848,0.019080448,0.084410787
90,Ba_10_50,72,868,7812,8.86211E-05,0.002609435
91,Ba_38_50,73,873,7857,0.004328045,0.024468795
92,Ba_15_50,74,873,7857,0.002378008,0.021689783
93,Ba_21_50,75,869,7821,6.5757E-05,0.001937323
94,Ba_54_50,76,873,7857,0,0
95,Ba_45_50,77,872,7848,0,0
96,Ba_08_50,78,872,7848,0,0
97,Ba_06_50,79,873,7857,0,0
98,Ba_26_50,80,868,7812,0.402009218,0.255920584
99,Ba_22_50,81,871,7839,0.231138299,0.254210932
100,Ba_12_50,82,870,7830,0.340397626,0.28880121
101,Ba_04_50,83,871,7839,0.162385117,0.224346934
102,Ba_55_50,84,872,7848,0.250422631,0.313984018
103,Ba_33_50,85,868,7812,0.149919719,0.220558103
104,Ba_49_50,86,869,7821,0.282879639,0.253856942
105,Ba_57_50,87,869,7821,0.385894995,0.276553848
106,Mi_40_200,1,13919,125271,0.187789117,0.292932126
107,Mi_39_200,2,13922,125298,0.184094324,0.280307388
108,Mi_30_200,3,13922,125298,0.313908678,0.309696569
109,Mi_38_200,4,13927,125343,0.162248209,0.281694369
110,Mi_15_200,5,13923,125307,0.123576225,0.245392356
111,Mi_07_200,6,13928,125352,0.254796503,0.258656144
112,Mi_28_200,7,13921,125289,0.213556684,0.26329317
113,Mi_35_200,8,13913,125217,0.253946183,0.288542347
114,Mi_26_200,9,13922,125298,0.374838144,0.261668938
115,Mi_27_200,10,13913,125217,0.268467254,0.277057163
116,Mi_11_200,11,13917,125253,0.104179947,0.212583309
117,Mi_09_200,12,13915,125235,0.142009444,0.237232755
118,Mi_37_200,13,13922,125298,0.100092946,0.21309771
119,Mi_16_200,14,13923,125307,0.182896848,0.264962953
120,Mi_08_200,15,13915,125235,0.326450165,0.281119848
121,Mi_17_200,16,13918,125262,0.38091661,0.28910447
122,Mi_21_200,17,13921,125289,0.182926499,0.26256553
123,Mi_23_200,18,13925,125325,0.146139109,0.250331164
124,Mi_31_200,19,13918,125262,0.153512396,0.255774009
125,Mi_32_200,20,13922,125298,0.212498156,0.2906279
126,Mi_25_200,21,13917,125253,0.383576989,0.257639892
127,Mi_34_200,22,13917,125253,0.354126137,0.248103938
128,Mi_14_200,23,13922,125298,0.452890553,0.238347376
129,Mi_12_200,24,13921,125289,0.359437014,0.273714112
130,Mi_13_200,25,13908,125172,0.40537802,0.305169152
131,Mi_19_200,26,13923,125307,0.232750402,0.275543835
132,Mi_22_200,27,13926,125334,0.307497665,0.274458889
133,Mi_40_100,28,3485,31365,0.114998807,0.230035342
134,Mi_39_100,29,3482,31338,0.210949299,0.278533984
135,Mi_30_100,30,3479,31311,0.414203299,0.271751125
136,Mi_38_100,31,3480,31320,0.189317037,0.302563687
137,Mi_15_100,32,3479,31311,0.138393761,0.254035492
138,Mi_07_100,33,3479,31311,0.348471917,0.246778982
139,Mi_28_100,34,3472,31248,0.246655201,0.26874874
140,Mi_35_100,35,3475,31275,0.404465521,0.261550101
141,Mi_26_100,36,3479,31311,0.353730861,0.230014028
142,Mi_27_100,37,3474,31266,0.420258163,0.249205797
143,Mi_11_100,38,3484,31356,0.054651427,0.16328222
144,Mi_09_100,39,3474,31266,0.117899678,0.223566221
145,Mi_37_100,40,3484,31356,0.054626069,0.150835657
146,Mi_16_100,41,3477,31293,0.159025281,0.249039591
147,Mi_08_100,42,3483,31347,0.337808809,0.275023861
148,Mi_17_100,43,3481,31329,0.462909315,0.256657502
149,Mi_21_100,44,3488,31392,0.208482286,0.263412787
150,Mi_23_100,45,3479,31311,0.127441454,0.243249143
151,Mi_31_100,46,3483,31347,0.152012052,0.272640381
152,Mi_32_100,47,3479,31311,0.232228701,0.287099157
153,Mi_25_100,48,3474,31266,0.387426177,0.257245101
154,Mi_34_100,49,3473,31257,0.456810185,0.205642429
155,Mi_14_100,50,3480,31320,0.539271199,0.183528568
156,Mi_12_100,51,3486,31374,0.422800828,0.251905232
157,Mi_13_100,52,3477,31293,0.581477868,0.169361814
158,Mi_19_100,53,3482,31338,0.168018059,0.245554359
159,Mi_22_100,54,3483,31347,0.412406608,0.247899826
160,Mi_40_50,55,871,7839,0.113810658,0.210793778
161,Mi_39_50,56,872,7848,0.259239344,0.267760729
162,Mi_30_50,57,866,7794,0.44891159,0.214278911
163,Mi_38_50,58,870,7830,0.146976624,0.247323494
164,Mi_15_50,59,870,7830,0.245820407,0.311969235
165,Mi_07_50,60,869,7821,0.410889185,0.205077907
166,Mi_28_50,61,869,7821,0.245959383,0.245019402
167,Mi_35_50,62,873,7857,0.415218121,0.219369988
168,Mi_26_50,63,869,7821,0.360228801,0.242289426
169,Mi_27_50,64,871,7839,0.472630191,0.221912328
170,Mi_11_50,65,869,7821,0.08203177,0.205751975
171,Mi_09_50,66,869,7821,0.178941182,0.267707272
172,Mi_37_50,67,872,7848,0.075897116,0.168914982
173,Mi_16_50,68,868,7812,0.1579137,0.264095176
174,Mi_08_50,69,871,7839,0.334797631,0.272331524
175,Mi_17_50,70,868,7812,0.552575742,0.187318762
176,Mi_21_50,71,873,7857,0.181198672,0.232688812
177,Mi_23_50,72,868,7812,0.079297494,0.183148359
178,Mi_31_50,73,869,7821,0.125978241,0.249983792
179,Mi_32_50,74,869,7821,0.172332487,0.263087645
180,Mi_25_50,75,872,7848,0.404932021,0.253840745
181,Mi_34_50,76,871,7839,0.51637689,0.173958978
182,Mi_14_50,77,870,7830,0.610403897,0.142497499
183,Mi_12_50,78,873,7857,0.432963352,0.243788397
184,Mi_13_50,79,869,7821,0.59645015,0.161588346
185,Mi_19_50,80,867,7803,0.146259683,0.248392273
186,Mi_22_50,81,868,7812,0.458121312,0.236313865
187,BP_33_200,1,13943,125487,0.238153353,0.228964466
188,BP_40_200,2,13944,125496,0.115791215,0.14709459
189,BP_03_200,3,13942,125478,0.169486097,0.189184094
190,BP_27_200,4,13949,125541,0.105330208,0.196029657
191,BP_13_200,5,13946,125514,0.250855459,0.250551059
192,BP_14_200,6,13944,125496,0.353941774,0.223723054
193,BP_04_200,7,13950,125550,0.418351171,0.190638288
194,BP_17_200,8,13945,125505,0.388709556,0.210091103
195,BP_26_200,9,13955,125595,0.444406587,0.169173355
196,BP_16_200,10,13944,125496,0.445558618,0.199115601
197,BP_11_200,11,13946,125514,0.491984746,0.159463093
198,BP_24_200,12,13947,125523,0.431984896,0.150087775
199,BP_02_200,13,13947,125523,0.422461265,0.164044178
200,BP_28_200,14,13942,125478,0.238164459,0.238883037
201,BP_05_200,15,13946,125514,0.303661101,0.20604151
202,BP_06_200,16,13950,125550,0.33684768,0.173324871
203,BP_36_200,17,13950,125550,0.339813753,0.195909122
204,BP_31_200,18,13944,125496,0.394334855,0.19733392
205,BP_07_200,19,13948,125532,0.158221084,0.194313303
206,BP_32_200,20,13945,125505,0.313455312,0.204025876
207,BP_23_200,21,13946,125514,0.467800706,0.160124272
208,BP_39_200,22,13952,125568,0.287361197,0.193966487
209,BP_08_200,23,13945,125505,0.31208094,0.216005116
210,BP_19_200,24,13950,125550,0.364258666,0.20276386
211,BP_01_200,25,13949,125541,0.340241422,0.215239486
212,BP_30_200,26,13948,125532,0.298143145,0.288389072
213,BP_41_200,27,13944,125496,0.205390995,0.238139471
214,BP_42_200,28,13948,125532,0.342072399,0.23935251
215,BP_43_200,29,13946,125514,0.455659686,0.219069543
216,BP_33_100,30,3486,31374,0.185002429,0.218634121
217,BP_40_100,31,3489,31401,0.065993901,0.123943023
218,BP_03_100,32,3487,31383,0.112465765,0.158855887
219,BP_27_100,33,3483,31347,0.110693369,0.204490573
220,BP_13_100,34,3490,31410,0.324664316,0.262938657
221,BP_14_100,35,3487,31383,0.307395397,0.220735813
222,BP_04_100,36,3481,31329,0.48124911,0.171354044
223,BP_17_100,37,3487,31383,0.440708102,0.189471783
224,BP_26_100,38,3480,31320,0.475703771,0.151696754
225,BP_16_100,39,3489,31401,0.44694272,0.161445126
226,BP_11_100,40,3487,31383,0.541377494,0.145949583
227,BP_24_100,41,3486,31374,0.436746581,0.142408247
228,BP_02_100,42,3489,31401,0.402817084,0.157960399
229,BP_28_100,43,3487,31383,0.262607252,0.228257208
230,BP_05_100,44,3486,31374,0.288452649,0.201933632
231,BP_06_100,45,3492,31428,0.343584095,0.16846005
232,BP_36_100,46,3491,31419,0.302647218,0.178721779
233,BP_31_100,47,3487,31383,0.331277057,0.182868071
234,BP_07_100,48,3488,31392,0.182073539,0.203776852
235,BP_32_100,49,3482,31338,0.331937539,0.213941592
236,BP_23_100,50,3483,31347,0.461808061,0.160043857
237,BP_39_100,51,3491,31419,0.294096871,0.18742717
238,BP_08_100,52,3481,31329,0.225331334,0.188410057
239,BP_19_100,53,3492,31428,0.366310109,0.212522332
240,BP_01_100,54,3490,31410,0.388881657,0.208067603
241,BP_30_100,55,3489,31401,0.335435984,0.300802672
242,BP_41_100,56,3481,31329,0.228174424,0.244395421
243,BP_42_100,57,3484,31356,0.359116264,0.226090632
244,BP_43_100,58,3488,31392,0.508364983,0.179849935
245,BP_33_50,59,874,7866,0.103823785,0.149542358
246,BP_40_50,60,872,7848,0.089784887,0.144727216
247,BP_03_50,61,873,7857,0.101987788,0.155125589
248,BP_27_50,62,871,7839,0.150588536,0.222119083
249,BP_13_50,63,870,7830,0.399216204,0.233532386
250,BP_14_50,64,869,7821,0.284273547,0.220792339
251,BP_04_50,65,872,7848,0.535271201,0.161654909
252,BP_17_50,66,871,7839,0.463807831,0.183126422
253,BP_26_50,67,872,7848,0.509132611,0.140609065
254,BP_16_50,68,870,7830,0.418118123,0.154699389
255,BP_11_50,69,872,7848,0.537343439,0.155028688
256,BP_24_50,70,870,7830,0.437310242,0.141534635
257,BP_02_50,71,870,7830,0.393822581,0.165119971
258,BP_28_50,72,871,7839,0.250431121,0.227550408
259,BP_05_50,73,869,7821,0.293573532,0.205396055
260,BP_06_50,74,871,7839,0.357492444,0.172810949
261,BP_36_50,75,872,7848,0.262559542,0.161569925
262,BP_31_50,76,872,7848,0.307720797,0.157645789
263,BP_07_50,77,871,7839,0.206285673,0.201736145
264,BP_32_50,78,872,7848,0.328817422,0.239355306
265,BP_23_50,79,876,7884,0.426289113,0.162819516
266,BP_39_50,80,871,7839,0.322012284,0.177599989
267,BP_08_50,81,871,7839,0.211407173,0.184933675
268,BP_19_50,82,873,7857,0.343542971,0.212685181
269,BP_01_50,83,871,7839,0.312652247,0.193570075
270,BP_30_50,84,871,7839,0.467187686,0.253708045
271,BP_41_50,85,873,7857,0.294965652,0.254516517
272,BP_42_50,86,870,7830,0.330347938,0.239422059
273,BP_43_50,87,869,7821,0.475214499,0.209004555
274,BP_20_200,1,5016,125400,0.437205975,0.280835199
275,BP_25_200,2,5021,125525,0.537569378,0.310012084
276,BP_44_200,3,5024,125600,0.330401833,0.280215291
277,BP_20_100,4,1255,31375,0.364653315,0.243196318
278,BP_25_100,5,1253,31325,0.569601003,0.278236548
279,BP_44_100,6,1252,31300,0.397662672,0.253192661
280,BP_20_50,7,312,7800,0.289494729,0.223164651
281,BP_25_50,8,312,7800,0.476242142,0.291253622
282,BP_44_50,9,313,7825,0.353848553,0.152734116
283,TC_01_200,1,13324,119916,0.330635402,0.177283567
284,TC_02_200,2,13664,122976,0.47970187,0.166296748
285,TC_03_200,3,13460,121140,0.635640335,0.176032528
286,TC_04_200,4,13717,123453,0.530594053,0.149739794
287,TC_05_200,5,13765,123885,0.490054813,0.15859532
288,TC_06_200,6,10893,98037,0.444998655,0.168711923
289,TC_07_200,7,11564,104076,0.432669169,0.197803552
290,TC_08_200,8,13291,119619,0.452118003,0.207236445
291,TC_09_200,9,13754,123786,0.582043981,0.168314487
292,TC_10_200,10,12613,113517,0.407286582,0.206731258
293,TC_11_200,11,8178,73602,0.22316419,0.180049965
294,TC_12_200,12,13855,124695,0.610183369,0.166242018
295,TC_13_200,13,13820,124380,0.417004772,0.170820885
296,TC_14_200,14,13830,124470,0.54849673,0.157640912
297,TC_17_200,15,13178,118602,0.44186839,0.150368
298,TC_18_200,16,10047,90423,0.35347895,0.259323543
299,TC_19_200,17,13012,117108,0.47243785,0.201580545
300,TC_20_200,18,13820,124380,0.446823022,0.153181345
301,TC_21_200,19,13550,121950,0.398263603,0.183065946
302,TC_22_200,20,13726,123534,0.517646569,0.188894449
303,TC_25_200,21,10735,96615,0.262959063,0.210056215
304,TC_27_200,22,13411,120699,0.475557227,0.19838099
305,TC_29_200,23,12577,113193,0.539630214,0.183286232
306,TC_31_200,24,13508,121572,0.474859563,0.180757394
307,TC_33_200,25,13806,124254,0.617968591,0.169775711
308,TC_34_200,26,13914,125226,0.648567513,0.172038202
309,TC_35_200,27,12906,116154,0.499666738,0.186893802
310,TC_36_200,28,12657,113913,0.407726883,0.154087695
311,TC_37_200,29,13753,123777,0.463828153,0.16890697
312,TC_38_200,30,13831,124479,0.606701217,0.217698603
313,TC_39_200,31,13067,117603,0.469953672,0.19166077
314,TC_40_200,32,13577,122193,0.485639714,0.199093445
315,TC_01_100,33,3174,28566,0.255157044,0.173442041
316,TC_02_100,34,3455,31095,0.471889925,0.154227846
317,TC_03_100,35,3455,31095,0.622803063,0.160511356
318,TC_04_100,36,3471,31239,0.541064626,0.147734761
319,TC_05_100,37,3463,31167,0.512919025,0.158457651
320,TC_06_100,38,3023,27207,0.458704891,0.163957309
321,TC_07_100,39,2954,26586,0.437997514,0.188058423
322,TC_08_100,40,3415,30735,0.474034767,0.20217376
323,TC_09_100,41,3481,31329,0.620811465,0.159484229
324,TC_10_100,42,3254,29286,0.366345499,0.205683067
325,TC_11_100,43,2049,18441,0.196730089,0.149486688
326,TC_12_100,44,3480,31320,0.677135227,0.161805211
327,TC_13_100,45,3455,31095,0.393723885,0.161103183
328,TC_14_100,46,3466,31194,0.580874059,0.145693427
329,TC_17_100,47,3361,30249,0.444203798,0.148896058
330,TC_18_100,48,2762,24858,0.337582416,0.223722039
331,TC_19_100,49,3096,27864,0.470201036,0.232897678
332,TC_20_100,50,3477,31293,0.45867441,0.141306369
333,TC_21_100,51,3330,29970,0.359836108,0.201133351
334,TC_22_100,52,3437,30933,0.539315757,0.18120367
335,TC_25_100,53,2743,24687,0.26070421,0.218425573
336,TC_27_100,54,3341,30069,0.460850491,0.181437073
337,TC_29_100,55,3328,29952,0.553656636,0.179296695
338,TC_31_100,56,3425,30825,0.480343707,0.159696563
339,TC_33_100,57,3481,31329,0.627728665,0.169336742
340,TC_34_100,58,3478,31302,0.683797271,0.185414035
341,TC_35_100,59,3456,31104,0.513879656,0.158541641
342,TC_36_100,60,3478,31302,0.453735216,0.13398059
343,TC_37_100,61,3425,30825,0.439033416,0.167765046
344,TC_38_100,62,3472,31248,0.590484497,0.222087301
345,TC_39_100,63,3143,28287,0.481260014,0.223854402
346,TC_40_100,64,3418,30762,0.505464123,0.190880632
347,TC_01_50,65,732,6588,0.163401234,0.1336905
348,TC_02_50,66,869,7821,0.47121777,0.150893276
349,TC_03_50,67,864,7776,0.584702248,0.173742395
350,TC_04_50,68,862,7758,0.53863323,0.149789778
351,TC_05_50,69,871,7839,0.550289362,0.141249463
352,TC_06_50,70,868,7812,0.462150132,0.138768851
353,TC_07_50,71,720,6480,0.446840994,0.185779568
354,TC_08_50,72,863,7767,0.523652586,0.166952742
355,TC_09_50,73,870,7830,0.596605849,0.151715847
356,TC_10_50,74,846,7614,0.350821113,0.173284302
357,TC_11_50,75,569,5121,0.20167133,0.163973787
358,TC_12_50,76,870,7830,0.71462412,0.148052431
359,TC_13_50,77,864,7776,0.39389947,0.164482418
360,TC_14_50,78,865,7785,0.604637726,0.123455511
361,TC_17_50,79,868,7812,0.440784511,0.142084056
362,TC_18_50,80,775,6975,0.376692137,0.227999357
363,TC_19_50,81,749,6741,0.513974715,0.241406241
364,TC_20_50,82,875,7875,0.508372413,0.134640696
365,TC_21_50,83,866,7794,0.393063583,0.170934099
366,TC_22_50,84,864,7776,0.533299331,0.164671269
367,TC_25_50,85,709,6381,0.251098138,0.202625163
368,TC_27_50,86,853,7677,0.453250541,0.158913063
369,TC_29_50,87,869,7821,0.518587472,0.1646267
370,TC_31_50,88,856,7704,0.513038647,0.150472413
371,TC_33_50,89,868,7812,0.569087386,0.160175702
372,TC_34_50,90,867,7803,0.754754286,0.187433771
373,TC_35_50,91,868,7812,0.492917439,0.144783835
374,TC_36_50,92,869,7821,0.464317581,0.136672329
375,TC_37_50,93,862,7758,0.476434349,0.156041315
376,TC_38_50,94,871,7839,0.589313592,0.229194151
377,TC_39_50,95,739,6651,0.489639599,0.279664515
378,TC_40_50,96,870,7830,0.546446318,0.146113914
379,FL_12_200,1,16137,1.1762E-05,0.49148772,0.215411948
380,FL_16_200,2,16146,1.17686E-05,0.174332465,0.177569446
381,FL_21_200,3,16147,1.17693E-05,0.474765048,0.290638738
382,FL_23_200,4,16142,1.17656E-05,0.421992088,0.260219119
383,FL_24_200,5,16136,1.17613E-05,0.602188245,0.174263373
384,FL_27_200,6,16144,1.17671E-05,0.391495335,0.248838525
385,FL_47_200,7,16146,1.17686E-05,0.47110247,0.191400647
386,FL_26_200,8,16151,1.17722E-05,0.519862662,0.172381608
387,FL_29_200,9,16141,1.17649E-05,0.510716902,0.3120533
388,FL_28_200,10,16141,1.17649E-05,0.602577451,0.172233353
389,FL_17_200,11,16140,1.17642E-05,0.581257491,0.153396377
390,FL_31_200,12,16152,1.17729E-05,0.473384899,0.189655009
391,FL_22_200,13,16153,1.17737E-05,0.497316961,0.190006335
392,FL_12_100,14,4021,2.93084E-06,0.429395801,0.241696761
393,FL_16_100,15,4040,2.94469E-06,0.17536999,0.172336993
394,FL_21_100,16,4041,2.94542E-06,0.604060722,0.158918132
395,FL_23_100,17,4028,2.93594E-06,0.550378738,0.176239403
396,FL_24_100,18,4037,2.9425E-06,0.63465153,0.101022727
397,FL_27_100,19,4033,2.93959E-06,0.288952705,0.253458575
398,FL_47_100,20,4037,2.9425E-06,0.430687592,0.194062463
399,FL_26_100,21,4040,2.94469E-06,0.541907668,0.130485658
400,FL_29_100,22,4038,2.94323E-06,0.635671892,0.248088048
401,FL_28_100,23,4035,2.94104E-06,0.638523263,0.138092377
402,FL_17_100,24,4035,2.94104E-06,0.525122856,0.18372013
403,FL_31_100,25,4039,2.94396E-06,0.449007454,0.182616921
404,FL_22_100,26,4039,2.94396E-06,0.535699873,0.161727919
405,FL_12_50,27,1011,7.36901E-07,0.463008249,0.243329283
406,FL_16_50,28,1011,7.36901E-07,0.153049196,0.15450988
407,FL_21_50,29,1005,7.32528E-07,0.610983645,0.157807979
408,FL_23_50,30,1008,7.34714E-07,0.575139833,0.147711418
409,FL_24_50,31,1013,7.38359E-07,0.648441349,0.090545143
410,FL_27_50,32,1007,7.33986E-07,0.253064744,0.247318805
411,FL_47_50,33,1006,7.33257E-07,0.407840074,0.189207847
412,FL_26_50,34,1009,7.35443E-07,0.527831496,0.136469112
413,FL_29_50,35,1010,7.36172E-07,0.721781484,0.178680428
414,FL_28_50,36,1007,7.33986E-07,0.664316119,0.070336145
415,FL_17_50,37,1009,7.35443E-07,0.494669139,0.180980517
416,FL_31_50,38,1008,7.34714E-07,0.436121723,0.16922026
417,FL_22_50,39,1011,7.36901E-07,0.516716557,0.168155266
418,MS_32_200,1,13931,125379,0.301699319,0.229459928
419,MS_39_200,2,13936,125424,0.323114183,0.230716851
420,MS_36_200,3,13934,125406,0.288863846,0.273079109
421,MS_34_200,4,11802,106218,0.300105024,0.26256198
422,MS_27_200,5,13923,125307,0.357282565,0.225633458
423,MS_28_200,6,13929,125361,0.299643539,0.233333677
424,MS_40_200,7,13933,125397,0.309147166,0.234864929
425,MS_26_200,8,13927,125343,0.321626207,0.236270857
426,MS_32_100,9,3476,31284,0.315477258,0.217032995
427,MS_39_100,10,3484,31356,0.28654466,0.220363106
428,MS_36_100,11,3476,31284,0.294038391,0.266101692
429,MS_34_100,12,3484,31356,0.311527273,0.231545087
430,MS_27_100,13,3483,31347,0.399520734,0.207767833
431,MS_28_100,14,3484,31356,0.370058691,0.201806161
432,MS_40_100,15,3477,31293,0.414753757,0.191649945
433,MS_26_100,16,3483,31347,0.353594392,0.211952728
434,MS_32_50,17,873,7857,0.232568897,0.188464478
435,MS_39_50,18,871,7839,0.296352448,0.223243872
436,MS_36_50,19,872,7848,0.343312043,0.269611212
437,MS_34_50,20,870,7830,0.39204695,0.193450075
438,MS_27_50,21,873,7857,0.467554515,0.151813303
439,MS_28_50,22,868,7812,0.394760937,0.190618365
440,MS_40_50,23,872,7848,0.439303278,0.180468736
441,MS_26_50,24,872,7848,0.373421012,0.206471403
442,VF_008_200,1,11086,99774,0.537860666,0.24248768
443,VF_029_200,2,12315,110835,0.499311184,0.235234106
444,VF_027_200,3,11506,103554,0.471374915,0.239058033
445,VF_031_200,4,11203,100827,0.520973586,0.230954448
446,VF_057_200,5,9183,82647,0.46197578,0.233730337
447,VF_003_200,6,11229,101061,0.534129902,0.233596973
448,VF_036_200,7,5576,50184,0.423812667,0.257175917
449,VF_038_200,8,9463,85167,0.487326278,0.249340165
450,VF_032_200,9,12755,114795,0.566398883,0.225247056
451,VF_033_200,10,13241,119169,0.533879164,0.230036662
452,VF_017_200,11,11802,106218,0.570602861,0.240920778
453,VF_012_200,12,11564,104076,0.543937689,0.233566905
454,VF_042_200,13,6125,55125,0.516229316,0.251789594
455,VO_008_200,14,8299,74691,0.550485592,0.246927124
456,VM_005_200,15,12360,111240,0.495153448,0.224264696
457,VM_014_200,16,5880,52920,0.433165177,0.269470599
458,VM_007_200,17,6031,54279,0.508172085,0.238810505
459,VM_025_200,18,11212,100908,0.566149574,0.241883561
460,VM_051_200,19,10945,98505,0.594319881,0.242024944
461,VM_053_200,20,12947,116523,0.5205031,0.245862308
462,VM_054_200,21,10906,98154,0.596717531,0.242365464
463,VE_119_200,22,12212,109908,0.57223087,0.227855812
464,VM_041_200,23,12550,112950,0.47558103,0.243479279
465,VE_106_200,24,8606,77454,0.485444406,0.246408315
466,VM_016_200,25,12390,111510,0.603537156,0.225511125
467,VM_052_200,26,11431,102879,0.496799427,0.251660867
468,VM_028_200,27,11734,105606,0.51747279,0.243594495
469,VM_006_200,28,9932,89388,0.582152953,0.236169707
470,VE_110_200,29,12637,113733,0.556563923,0.23351912
471,VM_039_200,30,9296,83664,0.507466779,0.248698469
472,VM_029_200,31,8628,77652,0.586934214,0.262273512
473,VM_026_200,32,12584,113256,0.596846085,0.23147731
474,VF_008_100,33,3132,28188,0.560629643,0.232608775
475,VF_029_100,34,3388,30492,0.505551858,0.21835369
476,VF_027_100,35,3321,29889,0.457385014,0.230132692
477,VF_031_100,36,2891,26019,0.52053419,0.205714289
478,VF_057_100,37,3023,27207,0.463908039,0.236269917
479,VF_003_100,38,2772,24948,0.520321399,0.237140716
480,VF_036_100,39,714,6426,0.290808868,0.255991643
481,VF_038_100,40,2969,26721,0.511812746,0.241777878
482,VF_032_100,41,3294,29646,0.568613237,0.228191985
483,VF_033_100,42,3216,28944,0.508919239,0.235727484
484,VF_017_100,43,2903,26127,0.592106321,0.235532227
485,VF_012_100,44,3023,27207,0.557118333,0.223826496
486,VF_042_100,45,1803,16227,0.48281295,0.265654193
487,VO_008_100,46,666,5994,0.429976537,0.239041766
488,VM_005_100,47,3162,28458,0.451807964,0.228931256
489,VM_014_100,48,1865,16785,0.497144574,0.268785112
490,VM_007_100,49,813,7317,0.455375429,0.247571786
491,VM_025_100,50,2399,21591,0.553386154,0.259221326
492,VM_051_100,51,2833,25497,0.626736565,0.230104024
493,VM_053_100,52,3218,28962,0.488566118,0.248418336
494,VM_054_100,53,2854,25686,0.624867038,0.237245974
495,VE_119_100,54,3193,28737,0.606034713,0.212934841
496,VM_041_100,55,3148,28332,0.495536079,0.245156663
497,VE_106_100,56,3044,27396,0.478124906,0.246480183
498,VM_016_100,57,3134,28206,0.638161579,0.221800889
499,VM_052_100,58,3137,28233,0.534444076,0.242847159
500,VM_028_100,59,2520,22680,0.490769028,0.238895818
501,VM_006_100,60,2458,22122,0.592425894,0.2325301
502,VE_110_100,61,3290,29610,0.555203809,0.227387498
503,VM_039_100,62,2619,23571,0.549141021,0.239116548
504,VM_029_100,63,2345,21105,0.585017313,0.240413422
505,VM_026_100,64,3298,29682,0.606431372,0.230228106
506,VF_008_50,65,866,7794,0.58985555,0.221802071
507,VF_029_50,66,847,7623,0.530197239,0.199230914
508,VF_027_50,67,841,7569,0.450861612,0.220967994
509,VF_031_50,68,712,6408,0.534307977,0.200743575
510,VF_057_50,69,772,6948,0.447925359,0.239770804
511,VF_003_50,70,777,6993,0.474365898,0.237921721
512,VF_036_50,71,229,2061,0.211545812,0.221247996
513,VF_038_50,72,825,7425,0.542517118,0.229233979
514,VF_032_50,73,837,7533,0.569787973,0.22583594
515,VF_033_50,74,808,7272,0.487564193,0.235638853
516,VF_017_50,75,789,7101,0.577655849,0.226377542
517,VF_012_50,76,832,7488,0.549092068,0.199848929
518,VF_042_50,77,439,3951,0.468891838,0.278640589
519,VO_008_50,78,103,927,0.382202702,0.220595956
520,VM_005_50,79,788,7092,0.419011993,0.236908634
521,VM_014_50,80,492,4428,0.524630047,0.268944362
522,VM_007_50,81,62,558,0.227779721,0.144392887
523,VM_025_50,82,460,4140,0.567692044,0.248051847
524,VM_051_50,83,707,6363,0.603007054,0.226896357
525,VM_053_50,84,829,7461,0.557846323,0.230877896
526,VM_054_50,85,562,5058,0.606989971,0.24729933
527,VE_119_50,86,863,7767,0.599860617,0.202982096
528,VM_041_50,87,761,6849,0.506314726,0.263857146
529,VE_106_50,88,737,6633,0.427583028,0.241307982
530,VM_016_50,89,811,7299,0.67602002,0.225346253
531,VM_052_50,90,811,7299,0.547341319,0.232801203
532,VM_028_50,91,566,5094,0.466857971,0.242055316
533,VM_006_50,92,695,6255,0.613604786,0.235799468
534,VE_110_50,93,833,7497,0.529893748,0.220321297
535,VM_039_50,94,700,6300,0.57379839,0.229690819
536,VM_029_50,95,733,6597,0.598564613,0.213311416
537,VM_026_50,96,847,7623,0.601845217,0.225140652
